{
  "keep": {
    "days": true,
    "amount": 7
  },
  "auditLog": "D:\\codes\\yizhi\\yizhi\\cool-admin-midway-7.1\\logs\\cool-admin\\.audit\\.035592f811ae4d9deeb3ff138bfa9b40d088ca00-audit.json",
  "files": [
    {
      "date": 1712497544140,
      "name": "D:\\codes\\yizhi\\yizhi\\cool-admin-midway-7.1\\logs\\cool-admin\\common-error.log.2024-04-07",
      "hash": "30ce54d57d8b6a8b97e1e3d5ff7dd609"
    },
    {
      "date": 1712664763546,
      "name": "D:\\codes\\yizhi\\yizhi\\cool-admin-midway-7.1\\logs\\cool-admin\\common-error.log.2024-04-09",
      "hash": "a62d6c81c35530f6f4f7bd7164a886ee"
    }
  ],
  "hashType": "md5"
}