{
  "keep": {
    "days": true,
    "amount": 7
  },
  "auditLog": "D:\\codes\\yizhi\\cool-admin-midway-7.1\\logs\\cool-admin\\.audit\\.28c97816fedeb6762290ddc02e4a014104d10b17-audit.json",
  "files": [
    {
      "date": 1711801724687,
      "name": "D:\\codes\\yizhi\\cool-admin-midway-7.1\\logs\\cool-admin\\midway-app.log.2024-03-30",
      "hash": "e91a5b8b102fc9a050ffc91dc4d59cde"
    },
    {
      "date": 1711892080095,
      "name": "D:\\codes\\yizhi\\cool-admin-midway-7.1\\logs\\cool-admin\\midway-app.log.2024-03-31",
      "hash": "816425082d55b2cec085460dcc5dd6c8"
    },
    {
      "date": 1711973446305,
      "name": "D:\\codes\\yizhi\\cool-admin-midway-7.1\\logs\\cool-admin\\midway-app.log.2024-04-01",
      "hash": "0b0cc4a6145cc73970712211d8bd1871"
    },
    {
      "date": 1711987500769,
      "name": "D:\\codes\\yizhi\\cool-admin-midway-7.1\\logs\\cool-admin\\midway-app.log.2024-04-02",
      "hash": "2c9659a2ef94304c41aab709f7dd7b04"
    },
    {
      "date": 1712150770075,
      "name": "D:\\codes\\yizhi\\cool-admin-midway-7.1\\logs\\cool-admin\\midway-app.log.2024-04-03",
      "hash": "ec5c35045fd7ca3cb54a5f4d9e9644c6"
    },
    {
      "date": 1712235054126,
      "name": "D:\\codes\\yizhi\\cool-admin-midway-7.1\\logs\\cool-admin\\midway-app.log.2024-04-04",
      "hash": "f356c53ce53811ff3f19cdfe856bc044"
    },
    {
      "date": 1712329807751,
      "name": "D:\\codes\\yizhi\\cool-admin-midway-7.1\\logs\\cool-admin\\midway-app.log.2024-04-05",
      "hash": "7fd7bca2ff0006cb4daa4bd42a544675"
    },
    {
      "date": 1712392583406,
      "name": "D:\\codes\\yizhi\\cool-admin-midway-7.1\\logs\\cool-admin\\midway-app.log.2024-04-06",
      "hash": "c6eb19d0b5b0dd9510396f79e16703fd"
    }
  ],
  "hashType": "md5"
}