{
  "keep": {
    "days": true,
    "amount": 7
  },
  "auditLog": "D:\\codes\\yizhi\\cool-admin-midway-7.1\\logs\\cool-admin\\.audit\\.ae9835d3281f21e11869947e43fa9c57666d79ee-audit.json",
  "files": [
    {
      "date": 1711801724697,
      "name": "D:\\codes\\yizhi\\cool-admin-midway-7.1\\logs\\cool-admin\\midway-task.log.2024-03-30",
      "hash": "ac5c9070c00969b82c4a344d5c7e3ccc"
    },
    {
      "date": 1711814400025,
      "name": "D:\\codes\\yizhi\\cool-admin-midway-7.1\\logs\\cool-admin\\midway-task.log.2024-03-31",
      "hash": "e0cc7b2d3a6355c9bf10f0e116e95bcc"
    },
    {
      "date": 1711900800033,
      "name": "D:\\codes\\yizhi\\cool-admin-midway-7.1\\logs\\cool-admin\\midway-task.log.2024-04-01",
      "hash": "50f1b0dd3ef895249e23997a779e65aa"
    },
    {
      "date": 1711987200024,
      "name": "D:\\codes\\yizhi\\cool-admin-midway-7.1\\logs\\cool-admin\\midway-task.log.2024-04-02",
      "hash": "f721011b1069ab0ff36a9f91317d3411"
    },
    {
      "date": 1712073600041,
      "name": "D:\\codes\\yizhi\\cool-admin-midway-7.1\\logs\\cool-admin\\midway-task.log.2024-04-03",
      "hash": "b4c362285e99a932061026e7b2f991d1"
    },
    {
      "date": 1712160000027,
      "name": "D:\\codes\\yizhi\\cool-admin-midway-7.1\\logs\\cool-admin\\midway-task.log.2024-04-04",
      "hash": "d788b1441af372c644a812e57088a752"
    },
    {
      "date": 1712249815392,
      "name": "D:\\codes\\yizhi\\cool-admin-midway-7.1\\logs\\cool-admin\\midway-task.log.2024-04-05",
      "hash": "7e9abce7e2910e6391cdba38b7852606"
    },
    {
      "date": 1712356671737,
      "name": "D:\\codes\\yizhi\\cool-admin-midway-7.1\\logs\\cool-admin\\midway-task.log.2024-04-06",
      "hash": "43c90474b15eb7859fd59fd27aab2cf2"
    }
  ],
  "hashType": "md5"
}