{
  "keep": {
    "days": true,
    "amount": 7
  },
  "auditLog": "D:\\codes\\yizhi\\yizhi\\cool-admin-midway-7.1\\logs\\cool-admin\\.audit\\.b44d91d3a4aea8d886751a702977e803c0ba92fc-audit.json",
  "files": [
    {
      "date": 1712497544137,
      "name": "D:\\codes\\yizhi\\yizhi\\cool-admin-midway-7.1\\logs\\cool-admin\\midway-core.log.2024-04-07",
      "hash": "49f00ec0cc90228b5866c9400e2e04e4"
    },
    {
      "date": 1712505986129,
      "name": "D:\\codes\\yizhi\\yizhi\\cool-admin-midway-7.1\\logs\\cool-admin\\midway-core.log.2024-04-08",
      "hash": "a6a65bb81f3e9e170342ca69692b8b38"
    },
    {
      "date": 1712664763529,
      "name": "D:\\codes\\yizhi\\yizhi\\cool-admin-midway-7.1\\logs\\cool-admin\\midway-core.log.2024-04-09",
      "hash": "9b9f9a00e782ed30dcf57270694b5f3a"
    }
  ],
  "hashType": "md5"
}