{
  "keep": {
    "days": true,
    "amount": 7
  },
  "auditLog": "D:\\codes\\yizhi\\cool-admin-midway-7.1\\logs\\cool-admin\\.audit\\.e34cd53ac28cfafa0f5ad9958c48576c8b29cb15-audit.json",
  "files": [
    {
      "date": 1711801724664,
      "name": "D:\\codes\\yizhi\\cool-admin-midway-7.1\\logs\\cool-admin\\midway-core.log.2024-03-30",
      "hash": "bb139b1af49f6d849d5167b0b1e1bb7b"
    },
    {
      "date": 1711892080078,
      "name": "D:\\codes\\yizhi\\cool-admin-midway-7.1\\logs\\cool-admin\\midway-core.log.2024-03-31",
      "hash": "768f3bc293c87fc8fe1afcf593e14b7f"
    },
    {
      "date": 1711973446294,
      "name": "D:\\codes\\yizhi\\cool-admin-midway-7.1\\logs\\cool-admin\\midway-core.log.2024-04-01",
      "hash": "5c41a5d5ecfa4e944ac2abf7abb8ffda"
    },
    {
      "date": 1711987500765,
      "name": "D:\\codes\\yizhi\\cool-admin-midway-7.1\\logs\\cool-admin\\midway-core.log.2024-04-02",
      "hash": "4963e2050b581fbb6dcb4b6f99ce9945"
    },
    {
      "date": 1712150770056,
      "name": "D:\\codes\\yizhi\\cool-admin-midway-7.1\\logs\\cool-admin\\midway-core.log.2024-04-03",
      "hash": "b642fb55cc3b7e08c78fb5b8f8b983ca"
    },
    {
      "date": 1712235054090,
      "name": "D:\\codes\\yizhi\\cool-admin-midway-7.1\\logs\\cool-admin\\midway-core.log.2024-04-04",
      "hash": "cfb99c9c19c67b0991539eb56834b075"
    },
    {
      "date": 1712308412808,
      "name": "D:\\codes\\yizhi\\cool-admin-midway-7.1\\logs\\cool-admin\\midway-core.log.2024-04-05",
      "hash": "ecf441e12c0da002c03312c436dcc0a0"
    },
    {
      "date": 1712392583389,
      "name": "D:\\codes\\yizhi\\cool-admin-midway-7.1\\logs\\cool-admin\\midway-core.log.2024-04-06",
      "hash": "59056405270dfb1ecc084aecd7d45516"
    }
  ],
  "hashType": "md5"
}