{
  "keep": {
    "days": true,
    "amount": 7
  },
  "auditLog": "D:\\codes\\yizhi\\yizhi\\cool-admin-midway-7.1\\logs\\cool-admin\\.audit\\.f1e115098d8e53a63d3c50482625b0d08dd6e25c-audit.json",
  "files": [
    {
      "date": 1712497544145,
      "name": "D:\\codes\\yizhi\\yizhi\\cool-admin-midway-7.1\\logs\\cool-admin\\midway-task.log.2024-04-07",
      "hash": "84f1ad4493c555b442960aa4aae6ea9c"
    },
    {
      "date": 1712505600020,
      "name": "D:\\codes\\yizhi\\yizhi\\cool-admin-midway-7.1\\logs\\cool-admin\\midway-task.log.2024-04-08",
      "hash": "12084d0fcc575abf84ccd764c8bdbc5c"
    },
    {
      "date": 1712664763570,
      "name": "D:\\codes\\yizhi\\yizhi\\cool-admin-midway-7.1\\logs\\cool-admin\\midway-task.log.2024-04-09",
      "hash": "c2e3113c900ea9fc1e6eb1cc3b48b7c6"
    }
  ],
  "hashType": "md5"
}