{
  "keep": {
    "days": true,
    "amount": 7
  },
  "auditLog": "D:\\codes\\yizhi\\cool-admin-midway-7.1\\logs\\cool-admin\\.audit\\.f407465570d5356dbef86d967c35aee343befdc2-audit.json",
  "files": [
    {
      "date": 1711801724676,
      "name": "D:\\codes\\yizhi\\cool-admin-midway-7.1\\logs\\cool-admin\\common-error.log.2024-03-30",
      "hash": "7c60c48ba17bf6039462238883a50263"
    },
    {
      "date": 1711892080090,
      "name": "D:\\codes\\yizhi\\cool-admin-midway-7.1\\logs\\cool-admin\\common-error.log.2024-03-31",
      "hash": "f9fc0586b933bc6be1a45a48788a5948"
    },
    {
      "date": 1711973446300,
      "name": "D:\\codes\\yizhi\\cool-admin-midway-7.1\\logs\\cool-admin\\common-error.log.2024-04-01",
      "hash": "dd53eec705fc957e39a9a856a041913d"
    },
    {
      "date": 1711987500767,
      "name": "D:\\codes\\yizhi\\cool-admin-midway-7.1\\logs\\cool-admin\\common-error.log.2024-04-02",
      "hash": "e714b4e55a2f7d27c7c68effd3fdba34"
    },
    {
      "date": 1712150770067,
      "name": "D:\\codes\\yizhi\\cool-admin-midway-7.1\\logs\\cool-admin\\common-error.log.2024-04-03",
      "hash": "a6052d291778dffdf39519d2dbe50b53"
    },
    {
      "date": 1712235054109,
      "name": "D:\\codes\\yizhi\\cool-admin-midway-7.1\\logs\\cool-admin\\common-error.log.2024-04-04",
      "hash": "cfb0c3136f69cfcae5b5a20d586539a4"
    },
    {
      "date": 1712308412812,
      "name": "D:\\codes\\yizhi\\cool-admin-midway-7.1\\logs\\cool-admin\\common-error.log.2024-04-05",
      "hash": "7555fd569b8f4ea41aed7c5dc1a086e2"
    },
    {
      "date": 1712392583399,
      "name": "D:\\codes\\yizhi\\cool-admin-midway-7.1\\logs\\cool-admin\\common-error.log.2024-04-06",
      "hash": "328946ef36e0424a02c70ab92e706f4e"
    }
  ],
  "hashType": "md5"
}