{
  "keep": {
    "days": true,
    "amount": 7
  },
  "auditLog": "D:\\codes\\yizhi\\yizhi\\cool-admin-midway-7.1\\logs\\cool-admin\\.audit\\.f61f95c79133b50ffe8b20e345e4c351b908a901-audit.json",
  "files": [
    {
      "date": 1712497544142,
      "name": "D:\\codes\\yizhi\\yizhi\\cool-admin-midway-7.1\\logs\\cool-admin\\midway-app.log.2024-04-07",
      "hash": "5b029035a747c6e653f2ad5ff7745d9d"
    },
    {
      "date": 1712664763560,
      "name": "D:\\codes\\yizhi\\yizhi\\cool-admin-midway-7.1\\logs\\cool-admin\\midway-app.log.2024-04-09",
      "hash": "729649b6248e6e151930e5ddded22962"
    }
  ],
  "hashType": "md5"
}